{
   "schema_version" : 1,
   "name" : "AIRFLOW",
   "version" : "{{ version }}",
   "setActiveSymlink" : true,

   "depends" : "",
   "replaces" : "",
   "conflicts" : "",

   "provides" : [
      "airflow"
   ],

   "scripts" : {
      "defines" : "airflow_env.sh"
   },

   "packages" : [],

   "components" : [],

   "users" : {
      "airflow" : {
         "longname" : "Airflow",
         "shell" : "/bin/bash",
         "home" : "/var/lib/airflow",
         "extra_groups" : [ "airflow" ]
      }
   },

   "groups" : []
}
